capacity,cost
36,1850.50634765625
37,120.993766784668
125,90.1754608154297
239,64.1918792724609
362,38.0816421508789
