capacity,cost
36,3084.17724609375
37,201.65657043457
125,150.292037963867
239,106.986358642578
362,63.4694747924805
