capacity,cost
36,2672.95361328125
37,174.768905639648
125,130.252227783203
239,92.7210388183594
362,55.0080718994141
