capacity,cost
36,2586.72924804688
37,169.170227050781
124,126.457908630371
235,90.9394912719727
362,53.2205619812012
