capacity,cost
36,1857.13903808594
37,121.490119934082
123,91.0668716430664
235,65.2797927856445
362,38.2116622924805
