capacity,cost
36,2984.68774414062
37,195.151031494141
125,145.443908691406
239,103.535041809082
362,61.4216918945312
