capacity,cost
36,1790.8125
37,117.092391967773
125,87.2655487060547
240,61.9075164794922
362,36.8558082580566
