capacity,cost
36,2056.1181640625
37,134.439498901367
125,100.19376373291
240,71.0789108276367
362,42.3153648376465
