capacity,cost
50,1670.32348632812
51,35.1683197021484
55,26.7194309234619
58,20.3827648162842
64,7.70943212509155
