capacity,cost
50,1868.90991210938
51,46.4338760375977
56,34.6531219482422
64,15.8039140701294
66,11.6388006210327
