capacity,cost
50,2351.208984375
51,58.4148788452148
56,43.5936393737793
59,34.7008972167969
66,13.9511613845825
