capacity,cost
50,1849.28674316406
51,38.936882019043
55,29.5826797485352
62,13.2128286361694
64,9.00699996948242
