capacity,cost
50,1645.09643554688
51,47.084171295166
56,36.7469482421875
66,16.0725021362305
68,12.2231311798096
