capacity,cost
50,2756.427734375
51,84.0781326293945
57,63.3270797729492
67,28.7419929504395
69,22.6799793243408
