capacity,cost
50,2455.45874023438
51,70.2770385742188
57,51.761791229248
66,23.9889240264893
68,18.1270351409912
