capacity,cost
50,1699.93298339844
51,48.6536827087402
56,37.971851348877
66,16.608190536499
68,12.6672115325928
