capacity,cost
50,2848.30834960938
51,86.8803176879883
57,65.4375457763672
67,29.699592590332
69,23.7723941802979
