capacity,cost
50,2404.07275390625
51,50.6177101135254
54,41.4973526000977
59,26.2967548370361
64,11.0961599349976
