capacity,cost
50,1636.39770507812
51,43.7493515014648
52,41.6895561218262
65,14.9122352600098
67,11.1223096847534
