capacity,cost
0,16.6399993896484
83.1999969482422,0
