capacity,cost
0,6.19799995422363
30.9899997711182,0
