capacity,cost
0,2.60400009155273
13.0200004577637,0
