capacity,cost
0,16.5440006256104
82.7200012207031,0
