capacity,cost
0,15.5559997558594
77.7799987792969,0
