capacity,cost
0,1.80400002002716
9.02000045776367,0
