capacity,cost
0,2.21799993515015
11.0900001525879,0
