capacity,cost
0,10.8819999694824
54.4099998474121,0
