capacity,cost
0,4.45800018310547
22.2900009155273,0
