capacity,cost
0,5.94359970092773
148.589996337891,0
