capacity,cost
0,5.66120004653931
141.529998779297,0
