capacity,cost
0,5.3471999168396
133.679992675781,0
