capacity,cost
0,5.43879985809326
135.970001220703,0
