capacity,cost
0,6.01760005950928
150.440002441406,0
