capacity,cost
0,5.72200012207031
143.050003051758,0
