capacity,cost
0,5.85120010375977
146.279998779297,0
