capacity,cost
0,5.29599952697754
132.399993896484,0
