capacity,cost
0,6.04840040206909
151.210006713867,0
