capacity,cost
0,6.11240005493164
152.809997558594,0
