capacity,cost
0,5.28960037231445
132.240005493164,0
