capacity,cost
0,5.46679973602295
136.669998168945,0
