capacity,cost
0,1.76999998092651
8.85000038146973,0
