capacity,cost
0,29.2439994812012
146.220001220703,0
