capacity,cost
0,1.98800003528595
9.9399995803833,0
