capacity,cost
0,8.72799968719482
43.6399993896484,0
