capacity,cost
0,2.25200009346008
11.2600002288818,0
