capacity,cost
0,2.11199998855591
10.5600004196167,0
