capacity,cost
0,29.1459999084473
145.729995727539,0
