capacity,cost
0,23.246000289917
116.230003356934,0
