capacity,cost
0,27.1280002593994
135.639999389648,0
