capacity,cost
0,1.83399999141693
9.17000007629395,0
