capacity,cost
0,13.4040002822876
67.0199966430664,0
