capacity,cost
0,10.9879999160767
549.400024414062,0
