capacity,cost
0,9.70219993591309
485.109985351562,0
