capacity,cost
0,11.336199760437
566.809997558594,0
