capacity,cost
0,12.2678003311157
613.390014648438,0
