capacity,cost
0,11.7877998352051
589.390014648438,0
