capacity,cost
0,12.1157999038696
605.789978027344,0
