capacity,cost
0,25.0659999847412
125.330001831055,0
