capacity,cost
0,13.7839994430542
68.9199981689453,0
