capacity,cost
0,29.4600009918213
147.300003051758,0
