capacity,cost
0,11.5640001296997
57.8199996948242,0
