capacity,cost
0,15.4380006790161
77.1900024414062,0
