capacity,cost
0,30.0920009613037
150.460006713867,0
