capacity,cost
0,11.4779996871948
57.3899993896484,0
