capacity,cost
0,15.967999458313
79.8399963378906,0
