capacity,cost
0,19.7520008087158
98.7600021362305,0
