capacity,cost
0,26.689998626709
133.449996948242,0
