capacity,cost
80,7695.595703125
81,878.375244140625
211,618.904968261719
368,413.4892578125
577,243.606903076172
