capacity,cost
80,7447.3505859375
81,849.057739257812
217,589.565795898438
370,398.552490234375
577,235.760650634766
