capacity,cost
80,6129.68359375
81,741.275756835938
228,520.571166992188
409,353.109954833984
682,202.018997192383
