capacity,cost
80,9862.1689453125
81,1315.11193847656
276,904.539245605469
524,629.793579101562
952,339.4072265625
