capacity,cost
80,8070.03662109375
81,995.366821289062
236,696.7734375
422,479.807281494141
723,270.116516113281
