capacity,cost
80,5919.689453125
81,674.923522949219
218,467.037872314453
376,312.140167236328
577,187.844940185547
