capacity,cost
80,8813.298828125
81,1049.73815917969
221,741.679260253906
394,501.336944580078
652,286.728851318359
