capacity,cost
80,5532.4873046875
81,707.391540527344
243,500.141357421875
441,350.733184814453
802,190.157806396484
