capacity,cost
80,9528.1728515625
81,1218.2744140625
243,861.350341796875
441,604.034301757812
802,327.495178222656
