capacity,cost
80,5393.533203125
81,623.880920410156
222,432.352111816406
378,295.035491943359
602,172.179458618164
