capacity,cost
80,5938.45263671875
81,793.092468261719
280,543.810729980469
529,379.446960449219
977,200.506378173828
