capacity,cost
80,5746.88916015625
81,769.099304199219
268,537.506591796875
514,373.980346679688
977,193.579971313477
