capacity,cost
0,154.514007568359
772.570007324219,0
