capacity,cost
0,170.748001098633
853.739990234375,0
