capacity,cost
0,188.945999145508
944.72998046875,0
