capacity,cost
0,146.873992919922
734.369995117188,0
