capacity,cost
0,130.796005249023
653.97998046875,0
