capacity,cost
0,199.063995361328
995.320007324219,0
