capacity,cost
0,145.792007446289
728.960021972656,0
