capacity,cost
0,129.675994873047
648.380004882812,0
