capacity,cost
0,162.628005981445
813.140014648438,0
