capacity,cost
0,187.057998657227
935.289978027344,0
