capacity,cost
116,17035.26953125
212,3756.59497070312
909,2489.91284179688
2806,1414.6962890625
4554,921.319580078125
