capacity,cost
116,27789.57421875
212,6033.90869140625
927,3910.75073242188
2800,2152.99389648438
4302,1433.93786621094
