capacity,cost
116,16485.744140625
212,3635.12548828125
907,2413.77172851562
2758,1389.02673339844
4554,888.444458007812
