capacity,cost
116,25989.57421875
212,5664.0380859375
762,3914.189453125
1664,2768.36938476562
3702,1317.87182617188
