capacity,cost
116,18036.6875
212,3897.95092773438
895,2531.05322265625
2325,1563.3623046875
3830,928.4677734375
