capacity,cost
116,22798.0703125
212,4941.70751953125
756,3400.82055664062
1527,2479.75854492188
3402,1199.10583496094
