capacity,cost
116,21789.73828125
212,4709.35595703125
729,3269.61083984375
1424,2409.02880859375
3254,1157.58618164062
