capacity,cost
116,27306.845703125
212,5894.2900390625
930,3781.2353515625
2669,2127.97143554688
4002,1407.76574707031
