capacity,cost
116,22739.8359375
212,4942.875
706,3488.69970703125
1421,2550.70043945312
3370,1194.39392089844
