capacity,cost
116,16479.830078125
212,3572.3828125
888,2330.46118164062
2523,1354.3681640625
4044,838.53173828125
