capacity,cost
116,18565.189453125
212,4033.6630859375
931,2614.8486328125
2818,1438.95544433594
4332,961.295654296875
