capacity,cost
30.1000003814697,3794.04541015625
31,83.3053512573242
121,64.814811706543
229,42.6261672973633
303.299987792969,27.3612060546875
