capacity,cost
30.1000003814697,5303.50439453125
31,116.447624206543
122,90.3131256103516
211,64.7530136108398
303.299987792969,38.2451629638672
