capacity,cost
30.1000003814697,5480.2880859375
31,120.326385498047
122,93.321174621582
211,66.9094772338867
303.299987792969,39.5184783935547
