capacity,cost
30.1000003814697,3807.64453125
31,83.6019439697266
108,67.7241592407227
262,35.9685821533203
303.299987792969,27.4523162841797
