capacity,cost
30.1000003814697,6323.40966796875
31,138.843032836914
122,107.682113647461
211,77.2060470581055
303.299987792969,45.5999717712402
