capacity,cost
30.1000003814697,6119.4287109375
31,134.355575561523
122,104.200996398926
222,71.0641021728516
303.299987792969,44.1238098144531
