capacity,cost
30.1000003814697,3671.65673828125
31,80.6173629760742
117,63.5177154541016
208,45.4239044189453
303.299987792969,26.4751129150391
