capacity,cost
30.1000003814697,3671.65673828125
31,80.6183853149414
122,62.5247688293457
211,44.8288154602051
303.299987792969,26.4767208099365
