capacity,cost
30.1000003814697,4215.6064453125
31,92.5621490478516
122,71.7879791259766
211,51.470386505127
303.299987792969,30.3994464874268
