capacity,cost
0,2.09599995613098
104.800003051758,0
