capacity,cost
100,12316.447265625
101,2355.75903320312
429,1691.0732421875
969,1110.48364257812
1692,618.420471191406
