capacity,cost
100,8557.3330078125
101,1635.16101074219
427,1177.39624023438
950,782.9638671875
1692,429.599304199219
