capacity,cost
100,15023.2294921875
101,2948.67553710938
465,2137.71044921875
1096,1419.69421386719
2032,773.987548828125
