capacity,cost
100,8294.046875
101,1588.65698242188
411,1162.98876953125
939,774.540649414062
1720,419.384613037109
