capacity,cost
100,9474.1904296875
101,1813.16943359375
408,1323.98620605469
943,870.636352539062
1692,476.456878662109
