capacity,cost
100,8723.1640625
101,1720.19079589844
419,1284.13208007812
1057,842.282531738281
2032,448.331085205078
