capacity,cost
100,11919.142578125
101,2284.16333007812
429,1638.17724609375
969,1073.92163085938
1692,595.703857421875
