capacity,cost
100,13959.9833984375
101,2680.39233398438
420,1962.47106933594
967,1309.23168945312
1775,715.334777832031
