capacity,cost
100,15023.2294921875
101,2955.94262695312
440,2178.07470703125
1066,1444.28149414062
2032,772.181274414062
