capacity,cost
100,9474.1904296875
101,1818.92687988281
406,1329.76867675781
925,881.723937988281
1692,471.649017333984
