capacity,cost
100,8979.6875
101,1759.66357421875
460,1277.48229980469
1082,849.277221679688
2004,463.615051269531
