capacity,cost
100,12316.447265625
101,2351.9931640625
429,1689.6376953125
969,1111.12158203125
1692,620.802917480469
