capacity,cost
212,648.467407226562
400,3289.025390625
594,442.163238525391
907,341.994781494141
1902,173.48063659668
