capacity,cost
212,1207.30224609375
400,5923.5546875
754,759.425598144531
1871,430.568603515625
2449,319.356781005859
