capacity,cost
212,988.266235351562
400,4973.90673828125
604,674.562072753906
913,529.60693359375
1977,261.791412353516
