capacity,cost
212,1201.37780761719
400,5985.85400390625
754,738.746704101562
1866,400.35546875
2302,312.329162597656
