capacity,cost
212,992.112060546875
400,4934.05126953125
614,681.785522460938
945,537.811157226562
2152,251.983871459961
