capacity,cost
212,689.318664550781
400,3457.37036132812
586,479.787353515625
898,373.885070800781
2002,181.363082885742
