capacity,cost
212,681.101501464844
400,3394.42504882812
605,470.078247070312
928,369.969970703125
2102,175.33154296875
