capacity,cost
212,1236.32116699219
400,6089.619140625
751,774.313110351562
1880,430.427062988281
2422,324.484649658203
