capacity,cost
212,661.142639160156
400,3378.51196289062
605,442.682312011719
914,342.538208007812
1852,177.820526123047
