capacity,cost
212,732.912536621094
400,3740.49560546875
584,501.089569091797
894,383.693084716797
1852,196.606582641602
