capacity,cost
212,1043.35522460938
400,5169.541015625
636,709.250854492188
993,559.724060058594
2272,256.936492919922
