capacity,cost
0,32.0460014343262
1602.30004882812,0
