capacity,cost
0,36.6720008850098
183.360000610352,0
