capacity,cost
0,36.765998840332
183.830001831055,0
