capacity,cost
0,66.2819976806641
331.410003662109,0
