capacity,cost
0,97.0759963989258
485.380004882812,0
