capacity,cost
0,99.9260025024414
499.630004882812,0
