capacity,cost
0,112.734001159668
563.669982910156,0
