capacity,cost
0,73.4520034790039
367.260009765625,0
