capacity,cost
0,106.818000793457
534.090026855469,0
