capacity,cost
0,48.273998260498
241.369995117188,0
