capacity,cost
0,37.0260009765625
185.130004882812,0
