capacity,cost
0,72.8740005493164
364.369995117188,0
