capacity,cost
10,7237.87255859375
27.5,561.598083496094
95,370.582916259766
170,228.181747436523
181.5,217.95051574707
201,214.802536010742
233,209.636627197266
242,210.328918457031
