capacity,cost
10,7469.30419921875
27.5,577.231018066406
99,370.70947265625
172,231.512084960938
181.5,222.607955932617
199,219.360626220703
232,213.237091064453
237,213.326141357422
