capacity,cost
10,4970.91259765625
27.5,378.190521240234
88,257.884735107422
154,164.596176147461
181.5,142.150024414062
193,138.700271606445
206,134.800521850586
219,130.900787353516
