capacity,cost
10,7479.1396484375
27.5,580.323608398438
95,382.940155029297
170,235.792541503906
181.5,225.220245361328
201,221.966888427734
233,216.628067016602
242,217.227142333984
