capacity,cost
10,5675.5732421875
27.5,423.776641845703
87,287.801116943359
149,185.70442199707
181.5,152.404602050781
189,149.424072265625
198,145.847427368164
208,141.873382568359
