capacity,cost
10,4943.2412109375
27.5,369.372497558594
84,256.061218261719
145,166.329254150391
181.5,132.876968383789
189,130.100189208984
198,126.768043518066
208,123.06566619873
