capacity,cost
10,5695.087890625
27.5,421.680328369141
90,279.898864746094
155,175.604965209961
219,115.908004760742
