capacity,cost
10,8351.4716796875
27.5,647.616455078125
97,422.172790527344
171,262.028015136719
181.5,251.318893432617
201,247.775680541992
220.5,244.232467651367
242,242.293853759766
