capacity,cost
10,5108.01513671875
27.5,381.398193359375
87,259.018585205078
149,167.133071899414
181.5,137.163940429688
189,134.480773925781
198,131.260986328125
208,127.683433532715
