capacity,cost
10,8629.58984375
27.5,668.287170410156
100,427.367004394531
174,265.878234863281
181.5,258.219055175781
201,255.450286865234
221,252.61051940918
242,249.628784179688
