capacity,cost
10,5126.3251953125
27.5,383.054840087891
84,265.546905517578
145,172.49137878418
181.5,137.800201416016
189,134.920150756836
198,131.464080810547
208,127.624008178711
