capacity,cost
0,0.88400000333786
44.2000007629395,0
