capacity,cost
29.6000003814697,22526.376953125
850,3562.03076171875
1183,2950.65771484375
2245,1904.54919433594
3472,1025.26953125
