capacity,cost
29.6000003814697,32442.3984375
850,4909.97412109375
1178,4013.99267578125
2125,2600.35888671875
3165,1422.52685546875
