capacity,cost
29.6000003814697,22771.84375
850,3656.51220703125
1190,3036.65112304688
2271,1978.40771484375
3540,1074.70593261719
