capacity,cost
29.6000003814697,39218.1796875
850,6297.21337890625
1188,5236.556640625
2244,3446.01147460938
3540,1848.28857421875
