capacity,cost
29.6000003814697,36997.50390625
850,5745.63671875
1171,4751.1552734375
2186,3066.337890625
3353,1640.21960449219
