capacity,cost
29.6000003814697,24955.69140625
850,3776.88647460938
1178,3087.70068359375
2125,2000.27685546875
3165,1094.24658203125
