capacity,cost
29.6000003814697,23530.90625
850,3778.373046875
1188,3141.90771484375
2244,2067.60229492188
3540,1108.95764160156
