capacity,cost
29.6000003814697,22540.623046875
850,3411.37255859375
1178,2788.89233398438
2125,1806.69201660156
3165,988.341674804688
