capacity,cost
29.6000003814697,31395.869140625
850,4751.21044921875
1179,3882.755859375
2125,2516.55297851562
3165,1376.58471679688
