capacity,cost
178,952.43212890625
229,727.058227539062
251,13892.0595703125
296,594.170288085938
662,234.761856079102
