capacity,cost
178,746.729858398438
231,568.845947265625
251,10734.708984375
302,465.335815429688
687,179.772201538086
