capacity,cost
178,939.836242675781
228,717.559204101562
251,13850.806640625
293,585.415893554688
647,234.632843017578
