capacity,cost
178,621.978515625
223,478.422668457031
251,9525.412109375
284,382.663757324219
602,159.296859741211
