capacity,cost
178,1226.55700683594
251,16475.802734375
252,885.299621582031
605,460.592102050781
832,307.289886474609
