capacity,cost
178,750.946166992188
251,9680.5830078125
256,550.502197265625
606,308.440582275391
892,194.349243164062
