capacity,cost
178,709.865051269531
251,9558.037109375
251,512.26025390625
603,265.591033935547
827,177.318817138672
