capacity,cost
178,688.465759277344
224,526.517761230469
251,10545.9912109375
287,420.896179199219
602,176.582702636719
