capacity,cost
178,1167.25927734375
240,869.782287597656
251,16278.291015625
342,693.185302734375
757,265.199554443359
