capacity,cost
178,909.51416015625
228,694.415100097656
251,13404.005859375
293,566.531860351562
647,227.064376831055
