capacity,cost
178,804.297119140625
251,10083.9697265625
258,596.093078613281
603,350.532745361328
932,211.199859619141
