capacity,cost
178,1098.04321289062
234,829.046081542969
251,15634.23046875
313,675.586181640625
707,259.527099609375
