capacity,cost
0,1.09800004959106
54.9000015258789,0
