capacity,cost
80,10138.529296875
235,1967.38781738281
647,1372.73522949219
1236,881.359069824219
1952,529.251586914062
