capacity,cost
80,16475.798828125
235,3217.9833984375
641,2269.39282226562
1251,1451.67712402344
2027,856.238159179688
