capacity,cost
80,10273.1064453125
235,2016.26000976562
720,1368.68359375
1462,839.684387207031
2402,498.673889160156
