capacity,cost
80,17302.30078125
235,3398.07299804688
667,2372.095703125
1317,1507.14465332031
2152,889.092834472656
