capacity,cost
80,17558.9375
235,3452.06298828125
699,2371.57739257812
1402,1480.53051757812
2302,874.617431640625
