capacity,cost
80,11340.3173828125
235,2214.2412109375
636,1568.03234863281
1228,1013.55432128906
2021,587.845581054688
