capacity,cost
80,14592.23828125
235,2831.63208007812
647,1975.7568359375
1236,1268.52478027344
1952,761.743591308594
