capacity,cost
80,11224.7998046875
235,2178.2099609375
650,1514.94152832031
1255,962.405700683594
1952,587.396606445312
