capacity,cost
80,14121.521484375
235,2744.75927734375
625,1946.86193847656
1211,1248.81506347656
1952,735.280029296875
