capacity,cost
80,10108.060546875
235,1987.36560058594
679,1379.64172363281
1348,872.100952148438
2208,514.572875976562
