capacity,cost
80,10615.544921875
235,2083.47729492188
720,1414.30590820312
1462,867.676025390625
2402,515.302673339844
