capacity,cost
80,14647.75
235,2847.185546875
653,1982.2138671875
1250,1271.79614257812
1977,764.39404296875
