capacity,cost
115,2254.74389648438
116,424.879364013672
236,319.466247558594
422,215.453582763672
678,118.356521606445
