capacity,cost
115,2330.97387695312
116,447.896148681641
247,336.170745849609
447,229.503524780273
739,125.275001525879
