capacity,cost
115,2931.1669921875
116,558.628234863281
249,406.459197998047
432,273.206604003906
678,148.720138549805
