capacity,cost
115,2836.61352539062
116,543.613037109375
242,400.575927734375
424,268.471252441406
678,142.035873413086
