capacity,cost
115,3954.2861328125
116,817.977783203125
292,607.707275390625
586,409.820678710938
1026,222.308197021484
