capacity,cost
115,3954.2861328125
116,817.977661132812
292,607.707153320312
586,409.819976806641
1026,222.308166503906
