capacity,cost
115,2296.03686523438
116,474.129669189453
303,347.131439208984
600,233.932922363281
1026,129.358688354492
