capacity,cost
115,2143.06274414062
116,425.933471679688
270,315.811981201172
508,214.380554199219
853,117.553985595703
