capacity,cost
115,2931.1669921875
116,550.646545410156
242,409.576019287109
424,279.286560058594
678,154.587646484375
