capacity,cost
115,2036.54309082031
116,381.878570556641
242,284.293823242188
424,194.164611816406
678,107.901741027832
