capacity,cost
115,2324.09448242188
116,474.628448486328
293,348.524017333984
571,235.347778320312
971,129.828048706055
