capacity,cost
115,3571.77172851562
116,708.822326660156
279,518.045837402344
519,351.403991699219
853,196.292953491211
